,als-svd,funk-svd,nnmf,neural-svd,surprise-svd,dummy
train,0.628806119950804,0.8816084833147809,0.8370544781079676,0.9612343764009106,0.6655234118705429,
val,0.8872459083380924,0.9141520916596596,1.0004000437808755,0.9809722083800567,0.8950033546552513,1.0485102138998519
